<?xml version="1.0" encoding="UTF-8" ?>
<configuration>
    <appender name="CONSOLE" class="ch.qos.logback.core.ConsoleAppender">
        <encoder>
            <pattern>%d{yy-MMMM-dd HH:mm:ss:SSS} %5p %t %c{2}:%L - %m%n</pattern>
        </encoder>
    </appender>

    <appender name="FILE" class="ch.qos.logback.core.FileAppender">
        <File>{LOG_LOCATION}/mylog.log</File>
        <encoder>
            <pattern>%d{yy-MMMM-dd HH:mm:ss:SSS} - %logger{36}:%L - %msg%n</pattern>
        </encoder>
    </appender>

    <root level="INFO">
<!--        <appender-ref ref = "stdout"/>-->
        <appender-ref ref = "CONSOLE"/>
        <appender-ref ref = "FILE"/>
    </root>
</configuration>