<?xml version="1.0" encoding="UTF-8"?>
<beans xmlns="http://www.springframework.org/schema/beans"
       xmlns:xsi="http://www.w3.org/2001/XMLSchema-instance"
       xmlns:context="http://www.springframework.org/schema/context"
       xmlns:tx="http://www.springframework.org/schema/tx"
       xsi:schemaLocation="http://www.springframework.org/schema/beans
  http://www.springframework.org/schema/beans/spring-beans.xsd
  http://www.springframework.org/schema/context
  http://www.springframework.org/schema/context/spring-context.xsd
  http://www.springframework.org/schema/tx
  http://www.springframework.org/schema/tx/spring-tx.xsd">

    <context:component-scan base-package="com.day5.DTM.serviceImpl,com.day5.DTM.daoImpl"/>
    <context:property-placeholder location="classpath:config/application.properties"/>

    <bean id="dataSource" class="org.apache.commons.dbcp2.BasicDataSource">
        <property name="driverClassName" value = "${db.driverClassName}" />
        <property name="url" value = "${db.url}" />
        <property name="username" value = "${db.username}" />
        <property name="password" value = "${db.password}" />
        <property name="initialSize" value = "${pool.initialSize}" />
    </bean>

    <bean id="txManager" class="org.springframework.jdbc.datasource.DataSourceTransactionManager">
        <property name="dataSource" ref="dataSource"/>
    </bean>

    <bean id="jdbcTemplate" class="org.springframework.jdbc.core.JdbcTemplate">
        <property name="dataSource" ref="dataSource"/>
    </bean>

    <tx:annotation-driven proxy-target-class="true" transaction-manager="txManager"/>
</beans>