<beans xmlns="http://www.springframework.org/schema/beans"
       xmlns:xsi="http://www.w3.org/2001/XMLSchema-instance"
       xmlns:util="http://www.springframework.org/schema/util"
       xmlns:tx="http://www.springframework.org/schema/tx"
       xsi:schemaLocation="http://www.springframework.org/schema/beans
       http://www.springframework.org/schema/beans/spring-beans.xsd
       http://www.springframework.org/schema/tx
       https://www.springframework.org/tx/spring-tx.xsd ">

    <tx:annotation-driven transaction-manager="txnManagerBean" proxy-target-class="true"/>

    <bean id="CustomerDAOBean" class="com.day5.PTM.CustomerDAO">
        <property name="jdbcTemplate" ref="jdbcTemplateBean"/>
        <property name="transactionTemplate" ref="transactionTemplateBean"/>
    </bean>

    <bean id="jdbcTemplateBean" class="org.springframework.jdbc.core.JdbcTemplate">
        <property name="dataSource" ref = "dataSourceBean"/>
    </bean>

    <bean id="transactionTemplateBean" class="org.springframework.transaction.support.TransactionTemplate">
        <property name="transactionManager" ref="txnManagerBean"/>
    </bean>

    <bean id="txnManagerBean" class="org.springframework.jdbc.datasource.DataSourceTransactionManager">
        <property name="dataSource" ref="dataSourceBean"/>
    </bean>

    <bean id="dataSourceBean" class="org.springframework.jdbc.datasource.DriverManagerDataSource">
        <property name="driverClassName" value="com.mysql.cj.jdbc.Driver"/>
        <property name="url" value="jdbc:mysql://localhost:3306/jpmg_datasource"/>
        <property name="username" value="root"/>
        <property name="password" value="root"/>
    </bean>
</beans>
